name,gene,HBR_1_R1,HBR_2_R1,HBR_3_R1,UHR_1_R1,UHR_2_R1,UHR_3_R1
ENSG00000277248.1,U2,0,0,0,0,0,0
ENSG00000274237.1,ENSG00000274237,0,0,0,0,0,0
ENSG00000280363.1,ENSG00000280363,0,0,0,0,0,0
ENSG00000279973.1,ENSG00000279973,0,0,0,0,0,0
ENSG00000226444.2,ACTR3BP7,0,0,0,0,0,0
ENSG00000276871.1,5_8S_rRNA,0,0,0,0,0,0
ENSG00000277683.1,ENSG00000277683,0,0,0,0,0,0
ENSG00000277821.1,ENSG00000277821,0,0,0,0,0,0
ENSG00000273663.1,ENSG00000273663,0,0,0,0,0,0
ENSG00000278534.1,ENSG00000278534,0,0,0,0,0,0
ENSG00000278398.1,ENSG00000278398,0,0,0,0,0,0
ENSG00000274416.1,ENSG00000274416,0,0,0,0,0,0
ENSG00000278297.1,ENSG00000278297,0,0,0,0,0,0
ENSG00000277861.1,ENSG00000277861,0,0,0,0,0,0
ENSG00000274773.1,ENSG00000274773,0,0,0,0,0,0
ENSG00000277372.1,ENSG00000277372,0,0,0,0,0,0
ENSG00000275065.1,ENSG00000275065,0,0,0,0,0,0
ENSG00000276138.1,U6,0,0,0,0,0,0
ENSG00000280341.1,ENSG00000280341,0,0,0,3,2,0
ENSG00000236235.1,ENSG00000236235,0,0,0,0,0,0
ENSG00000279442.1,ENSG00000279442,0,0,0,0,4,1
ENSG00000184624.4,ZNF72BP,0,0,0,0,1,0
ENSG00000236097.1,BNIP3P2,0,0,0,0,2,0
ENSG00000236831.1,YME1L1P1,0,0,0,0,0,0
ENSG00000130538.4,OR11H1,0,0,0,0,0,0
ENSG00000237299.1,ENSG00000237299,0,0,0,0,3,0
ENSG00000235759.1,ARHGAP42P3,0,0,0,0,2,0
ENSG00000233408.1,ENSG00000233408,0,0,0,0,1,0
ENSG00000215268.3,USP10P3,0,0,0,0,2,0
ENSG00000213727.3,SSBP3P3,0,0,0,0,0,0
ENSG00000230643.1,ENSG00000230643,0,0,0,0,0,0
ENSG00000230471.1,ENSG00000230471,0,0,0,0,3,0
ENSG00000231565.1,NEK2P2,0,0,0,0,1,1
ENSG00000226474.1,ENSG00000226474,0,0,0,0,0,0
ENSG00000224435.2,NF1P6,0,0,0,1,3,1
ENSG00000234381.1,MED15P7,0,0,0,0,1,0
ENSG00000198062.14,POTEH,0,0,1,10,8,11
ENSG00000236666.1,POTEH-AS1,0,0,0,0,2,0
ENSG00000212216.1,RNU6-816P,0,0,0,0,0,0
ENSG00000241838.3,ENSG00000241838,0,0,0,2,1,2
ENSG00000225255.6,PSLNR,0,0,0,2,1,0
ENSG00000235992.1,GRAMD4P2,0,0,0,0,1,0
ENSG00000206195.10,DUXAP8,12,4,7,216,174,195
ENSG00000271127.1,ENSG00000271127,0,1,0,16,9,19
ENSG00000232775.6,BMS1P22,0,1,3,21,21,22
ENSG00000272872.1,ENSG00000272872,3,2,0,96,36,49
ENSG00000271672.1,DUXAP8,0,0,0,0,0,0
ENSG00000223875.2,NBEAP3,0,0,0,5,4,1
ENSG00000215270.3,TOMM40P2,0,0,0,11,6,6
ENSG00000229286.1,ENSG00000229286,0,0,0,0,0,1
ENSG00000233866.1,ENSG00000233866,0,0,0,0,2,0
ENSG00000278188.1,U6,0,0,0,0,0,0
ENSG00000278335.1,ENSG00000278335,0,0,0,0,0,0
ENSG00000225293.1,ABCD1P4,0,0,0,0,2,0
ENSG00000226160.1,ENSG00000226160,0,0,0,0,0,0
ENSG00000229658.1,PABPC1P9,0,0,0,0,1,0
ENSG00000227367.1,SLC9B1P4,0,0,0,0,1,0
ENSG00000280263.1,ACTR3BP6,0,0,0,0,1,0
ENSG00000235969.1,CHEK2P4,0,0,0,0,0,0
ENSG00000273362.1,ENSG00000273362,0,0,0,0,0,0
ENSG00000233995.1,ENSG00000233995,0,0,0,0,0,0
ENSG00000239435.2,KCNMB3P1,0,0,0,2,1,1
ENSG00000198445.4,CCT8L2,0,0,0,1,2,0
ENSG00000240122.1,FABP5P11,0,0,0,0,0,0
ENSG00000221084.1,ENSG00000221084,0,0,0,0,1,0
ENSG00000100181.21,TPTEP1,21,24,21,146,95,123
ENSG00000267338.1,ENSG00000267338,0,0,1,2,4,2
ENSG00000249288.1,SLC25A15P5,0,0,0,2,2,4
ENSG00000249263.2,PARP4P3,0,0,0,0,1,0
ENSG00000189295.13,ANKRD62P1-PARP4P3,0,1,0,2,1,0
ENSG00000259271.1,ANKRD62P1,0,0,0,2,0,1
ENSG00000273244.1,ENSG00000273244,0,0,0,0,0,0
ENSG00000241717.1,VWFP1,2,1,5,1,2,0
ENSG00000235343.1,LINC01665,0,0,0,1,0,0
ENSG00000172967.7,XKR3,0,0,0,2,4,8
ENSG00000229027.3,HSFY1P1,0,0,0,0,0,0
ENSG00000234121.1,GPM6BP3,0,0,0,0,0,0
ENSG00000237835.1,ENSG00000237835,0,0,0,0,0,0
ENSG00000220248.1,ZNF402P,0,0,0,1,1,0
ENSG00000237689.1,ENSG00000237689,1,3,2,2,0,1
ENSG00000228122.1,MTND1P17,0,0,0,0,0,0
ENSG00000237358.1,ENSG00000237358,0,0,0,0,0,0
ENSG00000225480.1,ENSG00000225480,0,0,0,0,0,0
ENSG00000230481.2,IGKV1OR22-5,0,0,0,0,0,0
ENSG00000253691.2,IGKV2OR22-4,0,0,0,0,0,0
ENSG00000253460.2,IGKV2OR22-3,0,0,0,0,0,0
ENSG00000254264.2,IGKV3OR22-2,0,0,0,0,1,0
ENSG00000253481.2,IGKV1OR22-1,0,0,0,0,0,0
ENSG00000280156.1,ENSG00000280156,1,1,1,4,40,4
ENSG00000215568.7,GAB4,0,0,0,0,0,0
ENSG00000270226.1,IL9RP6,0,0,0,0,0,0
ENSG00000276400.1,VN1R9P,0,0,0,0,0,0
ENSG00000237438.6,CECR7,23,24,32,31,27,23
ENSG00000273203.1,ENSG00000273203,7,6,4,3,3,4
ENSG00000273442.1,ENSG00000273442,0,2,2,0,3,2
ENSG00000177663.13,IL17RA,60,66,62,102,74,93
ENSG00000235328.1,RPL31P62,0,1,1,1,1,1
ENSG00000183307.3,TMEM121B,26,45,31,9,6,4
ENSG00000235478.4,LINC01664,3,3,1,0,2,0
ENSG00000069998.12,HDHD5,31,44,36,142,88,153
ENSG00000185837.3,HDHD5-AS1,0,1,2,1,1,1
ENSG00000093072.15,ADA2,31,29,33,44,36,25
ENSG00000236325.1,RPL32P5,0,0,0,1,0,0
ENSG00000203416.3,FAM32BP,0,1,0,0,0,0
ENSG00000241832.1,CECR3,1,0,1,0,1,0
ENSG00000231004.2,CECR9,0,0,0,0,0,0
ENSG00000239547.3,RN7SL843P,0,0,0,0,0,0
ENSG00000099954.18,CECR2,122,95,122,128,88,106
ENSG00000229492.1,TERF2IPP1,0,4,1,0,1,1
ENSG00000232305.1,CLCP1,1,2,0,0,0,0
ENSG00000228045.1,DNAJA1P6,0,0,0,0,0,0
ENSG00000182902.13,SLC25A18,118,133,87,6,8,8
ENSG00000236754.5,ENSG00000236754,1,1,1,1,2,3
ENSG00000131100.12,ATP6V1E1,499,578,509,317,238,249
ENSG00000099968.17,BCL2L13,215,292,275,257,174,213
ENSG00000015475.18,BID,74,89,88,127,80,129
ENSG00000264757.1,MIR3198-1,0,0,0,0,0,1
ENSG00000269220.1,LINC00528,1,0,0,1,2,4
ENSG00000243156.7,MICAL3,380,503,480,237,155,219
ENSG00000093100.13,ENSG00000093100,5,5,8,1,2,1
ENSG00000207780.1,MIR648,0,0,3,0,0,0
ENSG00000235445.1,ENSG00000235445,2,5,2,2,1,1
ENSG00000234913.1,ENSG00000234913,2,9,4,1,2,3
ENSG00000237446.1,RHEBP3,1,1,3,0,0,1
ENSG00000235295.1,LINC01634,0,0,0,0,2,0
ENSG00000225335.3,ENSG00000225335,3,5,4,2,3,5
ENSG00000215193.12,PEX26,144,176,138,207,136,186
ENSG00000236890.2,ENSG00000236890,0,0,1,2,0,0
ENSG00000235617.1,ENSG00000235617,0,0,0,0,0,0
ENSG00000225225.1,ARL2BPP10,0,0,0,0,0,0
ENSG00000183785.14,TUBA8,12,13,15,2,2,1
ENSG00000280007.1,ENSG00000280007,52,68,52,14,14,8
ENSG00000184979.9,USP18,7,6,4,32,13,25
ENSG00000187979.4,FAM230D,0,0,0,0,0,0
ENSG00000276160.1,GGTLC5P,0,0,0,4,1,3
ENSG00000274044.4,FAM230J,1,0,0,1,0,1
ENSG00000276874.1,ENSG00000276874,0,0,0,0,0,0
ENSG00000275060.1,PPP1R26P3,0,0,0,0,1,0
ENSG00000277017.1,ENSG00000277017,0,0,0,0,0,0
ENSG00000277870.4,FAM230A,0,0,0,0,0,0
ENSG00000278044.1,FAM247B,0,0,0,0,0,0
ENSG00000274252.1,GGTLC3,0,0,0,2,0,2
ENSG00000275319.1,Metazoa_SRP,0,0,0,0,0,0
ENSG00000277690.2,ENSG00000277690,0,0,0,0,0,0
ENSG00000278558.4,TMEM191B,8,4,9,0,5,7
ENSG00000274602.4,PI4KAP1,92,92,96,139,96,101
ENSG00000280694.1,ENSG00000280694,0,0,0,0,0,0
ENSG00000274625.1,ENSG00000274625,0,0,0,0,0,0
ENSG00000222630.2,RN7SKP131,0,0,0,0,0,0
ENSG00000275793.1,RIMBP3,1,3,2,8,8,9
ENSG00000275362.1,Metazoa_SRP,0,0,0,0,0,0
ENSG00000278110.1,SUSD2P2,0,0,0,0,0,0
ENSG00000273907.1,CA15P2,0,1,1,0,0,0
ENSG00000273643.1,PPP1R26P2,0,0,0,0,0,1
ENSG00000278008.1,PPP1R26P4,0,0,0,0,0,0
ENSG00000182824.7,FAM230E,0,0,0,0,0,0
ENSG00000197421.9,GGT3P,0,2,1,11,10,6
ENSG00000239989.1,ENSG00000239989,0,0,0,0,0,0
ENSG00000234764.2,E2F6P1,0,0,0,1,0,0
ENSG00000161103.11,POM121L15P,2,3,3,1,4,2
ENSG00000215544.6,BCRP7,0,0,0,0,0,1
ENSG00000276095.2,FAM230F,0,0,1,0,0,0
ENSG00000279987.1,ENSG00000279987,0,0,0,0,0,0
ENSG00000183628.12,DGCR6,79,99,81,39,24,43
ENSG00000100033.16,PRODH,121,141,133,49,36,39
ENSG00000279560.1,ENSG00000279560,0,0,0,2,1,3
ENSG00000280418.1,ENSG00000280418,0,1,0,0,3,0
ENSG00000237517.8,CELSR1P1,195,235,202,8,9,8
ENSG00000271275.1,ENSG00000271275,10,6,8,1,0,0
ENSG00000273032.1,DGCR5,25,30,26,5,2,4
ENSG00000270393.1,ENSG00000270393,0,0,0,0,0,0
ENSG00000273164.1,ENSG00000273164,9,6,9,0,0,0
ENSG00000241527.1,CA15P1,3,3,5,1,2,1
ENSG00000070413.18,DGCR2,330,387,334,323,198,292
ENSG00000206739.1,Y_RNA,1,0,0,0,1,2
ENSG00000273311.1,DGCR11,4,9,13,16,6,15
ENSG00000237347.2,RPL28P6,1,0,0,0,1,0
ENSG00000281530.1,ENSG00000281530,2,0,7,2,2,4
ENSG00000223461.1,ENSG00000223461,5,2,5,2,2,5
ENSG00000272682.1,ENSG00000272682,0,1,0,0,2,0
ENSG00000231086.1,TSSK1A,0,0,0,0,1,1
ENSG00000100056.11,ESS2,50,56,41,95,45,75
ENSG00000206203.4,TSSK2,0,0,0,0,0,0
ENSG00000063515.2,GSC2,0,0,0,0,0,0
ENSG00000260924.2,LINC01311,3,1,3,10,8,11
ENSG00000100075.9,SLC25A1,41,57,50,281,169,274
ENSG00000070371.15,CLTCL1,39,45,39,118,73,89
ENSG00000230194.1,RPL34P35,0,0,1,0,1,0
ENSG00000251940.1,ENSG00000251940,0,0,0,0,1,0
ENSG00000233471.2,KRT18P62,1,0,0,1,0,1
ENSG00000100084.14,HIRA,22,18,13,63,33,42
ENSG00000242259.8,C22orf39,63,75,77,99,91,91
ENSG00000244296.3,RN7SL168P,0,0,0,4,2,1
ENSG00000185608.8,MRPL40,32,36,33,121,77,98
ENSG00000185065.6,UFD1-AS1,4,4,1,6,8,5
ENSG00000070010.18,UFD1,46,73,58,292,195,216
ENSG00000273300.1,ENSG00000273300,0,0,0,0,0,0
ENSG00000273212.1,ENSG00000273212,0,0,0,0,1,3
ENSG00000093009.9,CDC45,1,1,0,309,206,254
ENSG00000184113.9,CLDN5,61,86,57,2,2,0
ENSG00000281548.1,LINC00895,0,0,0,0,0,0
ENSG00000230485.1,ENSG00000230485,0,0,0,0,1,0
ENSG00000225007.1,ENSG00000225007,0,0,0,0,0,0
ENSG00000184702.17,SEPTIN5,569,745,664,169,114,139
ENSG00000203618.5,GP1BB,0,0,0,0,0,0
ENSG00000184058.12,TBX1,1,0,2,9,9,7
ENSG00000185838.13,GNB1L,15,20,8,44,39,41
ENSG00000235776.2,RPL7AP70,1,0,0,2,1,1
ENSG00000215012.8,RTL10,83,123,99,209,149,169
ENSG00000184470.19,TXNRD2,61,60,49,98,83,88
ENSG00000232926.1,RPL8P5,2,8,2,7,3,4
ENSG00000093010.11,COMT,104,126,100,221,124,184
ENSG00000265087.1,ENSG00000265087,0,0,1,0,0,0
ENSG00000099889.13,ARVCF,150,181,145,89,35,59
ENSG00000183597.15,TANGO2,31,51,41,65,48,38
ENSG00000208023.2,MIR185,0,0,0,0,0,0
ENSG00000236540.7,ENSG00000236540,7,17,11,12,9,15
ENSG00000268292.1,ENSG00000268292,0,0,0,0,0,0
ENSG00000277950.1,Metazoa_SRP,0,0,1,0,1,0
ENSG00000128191.13,DGCR8,83,101,73,244,170,206
ENSG00000266567.1,ENSG00000266567,0,0,0,0,0,0
ENSG00000221366.2,ENSG00000221366,0,0,0,0,0,0
ENSG00000243762.1,ENSG00000243762,0,0,0,0,0,0
ENSG00000099899.14,TRMT2A,42,69,52,182,95,132
ENSG00000278278.1,MIR6816,0,0,0,0,0,0
ENSG00000099901.16,RANBP1,64,92,87,767,532,628
ENSG00000264346.1,SNORA77B,0,0,0,0,0,0
ENSG00000099904.15,ZDHHC8,103,99,102,125,92,90
ENSG00000234409.6,CCDC188,3,6,3,3,3,2
ENSG00000249923.1,LINC02891,0,1,3,0,0,0
ENSG00000236499.2,LINC00896,0,3,0,6,4,7
ENSG00000040608.13,RTN4R,74,93,83,18,11,11
ENSG00000221039.2,MIR1286,0,3,0,0,0,0
ENSG00000161132.6,PRODHLP,2,4,3,3,4,2
ENSG00000128185.9,DGCR6L,64,58,49,109,50,94
ENSG00000273343.1,ENSG00000273343,2,2,3,2,1,4
ENSG00000273139.1,ENSG00000273139,3,3,3,2,0,2
ENSG00000188280.11,FAM230G,0,0,0,0,4,0
ENSG00000235578.1,ENSG00000235578,0,0,0,1,0,0
ENSG00000161133.16,USP41P,0,1,1,9,7,6
ENSG00000185252.17,ZNF74,42,42,45,115,84,94
ENSG00000207343.1,RNU6-225P,0,0,0,0,0,0
ENSG00000244486.7,SCARF2,11,7,2,44,27,42
ENSG00000277971.1,ENSG00000277971,0,0,0,0,0,0
ENSG00000099910.16,KLHL22,61,81,82,76,52,67
ENSG00000215493.3,KLHL12P1,4,8,13,9,5,3
ENSG00000255156.1,RNY1P9,0,0,0,0,0,0
ENSG00000201916.1,Y_RNA,0,0,0,1,0,0
ENSG00000242876.3,RN7SL812P,0,0,3,1,0,2
ENSG00000236670.1,KRT18P5,4,3,1,2,2,7
ENSG00000265300.1,ENSG00000265300,0,0,0,0,0,0
ENSG00000099917.17,MED15,106,117,100,279,172,231
ENSG00000236003.1,ENSG00000236003,0,0,0,2,2,0
ENSG00000250261.1,CCDC74BP1,0,0,0,0,0,0
ENSG00000223553.5,SMPD4P1,3,3,2,1,3,1
ENSG00000276427.1,IGLL4P,0,0,0,0,1,0
ENSG00000238125.1,SLC9A3P2,0,0,0,0,0,2
ENSG00000264718.1,ENSG00000264718,0,0,0,0,0,0
ENSG00000229107.2,ABHD17AP4,0,1,3,0,2,3
ENSG00000217261.4,POM121L4P,0,0,0,0,1,0
ENSG00000235062.4,BCRP5,0,0,0,1,0,0
ENSG00000226287.7,TMEM191A,5,7,6,1,5,6
ENSG00000241973.10,PI4KA,1426,1536,1380,582,413,515
ENSG00000099937.10,SERPIND1,11,12,8,172,116,137
ENSG00000099940.11,SNAP29,33,51,53,134,92,86
ENSG00000272600.1,ENSG00000272600,0,0,0,0,0,0
ENSG00000099942.12,CRKL,353,432,375,777,491,636
ENSG00000237476.1,LINC01637,6,2,4,1,5,0
ENSG00000183773.15,AIFM3,107,105,131,9,14,12
ENSG00000099949.18,LZTR1,162,205,144,334,225,265
ENSG00000272829.1,ENSG00000272829,4,5,1,1,2,1
ENSG00000184436.11,THAP7,39,58,43,99,85,94
ENSG00000230513.1,THAP7-AS1,3,6,5,5,2,3
ENSG00000161149.11,ENSG00000161149,2,1,1,5,6,5
ENSG00000099957.16,P2RX6,36,35,30,27,21,32
ENSG00000099960.12,SLC7A4,20,27,13,8,3,3
ENSG00000226872.1,ENSG00000226872,0,0,1,0,0,0
ENSG00000207575.1,MIR649,0,0,0,0,0,0
ENSG00000206145.8,P2RX6P,3,3,2,1,1,2
ENSG00000187905.10,LRRC74B,1,4,2,1,0,1
ENSG00000249680.1,TUBA3GP,0,0,0,0,0,0
ENSG00000169668.11,BCRP2,1,1,0,1,3,0
ENSG00000197210.7,ENSG00000197210,0,1,1,0,0,0
ENSG00000239511.2,POM121L7P,2,0,1,0,1,0
ENSG00000224688.1,E2F6P2,0,1,0,1,0,0
ENSG00000215498.8,FAM230B,0,0,0,1,2,0
ENSG00000234503.1,ENSG00000234503,0,0,0,0,0,0
ENSG00000133475.16,GGT2P,2,0,2,13,10,5
ENSG00000226885.1,E2F6P3,0,0,0,1,0,0
ENSG00000229266.1,POM121L8P,0,1,0,0,1,0
ENSG00000169662.8,BCRP6,0,1,1,0,1,0
ENSG00000206142.9,FAM230H,0,1,0,0,1,0
ENSG00000237407.1,ENSG00000237407,0,0,0,0,0,0
ENSG00000232771.2,PPP1R26P5,0,0,0,0,1,0
ENSG00000279920.1,LINC01651,0,0,0,0,0,0
ENSG00000226534.1,SUSD2P1,1,0,0,1,0,0
ENSG00000273846.1,Metazoa_SRP,0,0,0,0,0,0
ENSG00000274600.1,RIMBP3B,2,2,2,8,10,4
ENSG00000200057.1,RN7SKP63,0,0,0,0,0,0
ENSG00000252020.1,ENSG00000252020,0,0,0,0,0,0
ENSG00000275840.1,Metazoa_SRP,0,0,0,0,0,0
ENSG00000169635.9,HIC2,27,25,28,208,105,140
ENSG00000276800.1,Metazoa_SRP,0,0,0,0,1,0
ENSG00000206140.9,TMEM191C,4,7,7,1,4,8
ENSG00000183506.16,PI4KAP2,137,143,123,188,143,140
ENSG00000281629.1,ENSG00000281629,0,0,0,0,0,0
ENSG00000252143.1,ENSG00000252143,0,0,0,0,0,0
ENSG00000222352.1,RN7SKP221,0,0,0,0,0,0
ENSG00000183246.6,RIMBP3C,0,0,2,5,9,4
ENSG00000185651.14,UBE2L3,219,257,204,531,337,382
ENSG00000275293.1,Metazoa_SRP,0,0,0,0,0,0
ENSG00000161179.13,YDJC,20,33,26,169,86,132
ENSG00000161180.10,CCDC116,2,0,1,5,3,2
ENSG00000273342.1,ENSG00000273342,0,0,0,2,1,1
ENSG00000128228.4,SDF2L1,5,14,4,52,38,46
ENSG00000100023.17,PPIL2,75,73,70,292,171,256
ENSG00000212102.1,MIR301B,0,0,0,0,0,0
ENSG00000207751.1,ENSG00000207751,0,0,0,0,0,0
ENSG00000272954.1,ENSG00000272954,0,0,0,5,5,1
ENSG00000100027.14,YPEL1,28,51,30,18,11,9
ENSG00000244671.3,RN7SL280P,0,0,1,1,1,0
ENSG00000100030.14,MAPK1,786,1009,952,894,533,702
ENSG00000200985.1,RNA5SP493,0,0,0,1,4,0
ENSG00000225544.1,MPPE1P2,0,1,1,1,0,1
ENSG00000100034.13,PPM1F,87,105,116,225,150,181
ENSG00000224086.5,PPM1F-AS1,25,49,27,67,69,66
ENSG00000100038.19,TOP3B,1,0,1,10,6,11
ENSG00000197549.9,PRAMENP,0,0,0,0,0,0
ENSG00000253239.1,IGLVI-70,0,0,0,0,0,0
ENSG00000211637.2,IGLV4-69,0,0,0,0,0,0
ENSG00000254355.1,IGLVI-68,0,0,0,0,0,0
ENSG00000278657.1,ENSG00000278657,0,0,0,0,1,0
ENSG00000249333.1,ENSG00000249333,0,0,0,0,1,0
ENSG00000253794.1,IGLV10-67,0,0,0,0,0,0
ENSG00000228161.1,ENSG00000228161,0,0,0,0,0,0
ENSG00000253874.1,IGLVIV-66-1,0,0,0,0,0,0
ENSG00000254075.1,IGLVV-66,0,0,0,0,0,0
ENSG00000254161.1,IGLVIV-65,0,0,0,0,0,0
ENSG00000253242.1,IGLVIV-64,0,0,1,0,0,0
ENSG00000253752.1,IGLVI-63,0,0,0,0,1,0
ENSG00000253823.1,IGLV1-62,0,0,0,0,2,0
ENSG00000275361.1,ENSG00000275361,0,0,0,0,0,0
ENSG00000211638.2,IGLV8-61,0,0,0,0,0,0
ENSG00000225741.1,ENSG00000225741,0,0,0,0,0,0
ENSG00000263366.2,ABHD17AP5,1,0,0,0,0,0
ENSG00000236118.1,ENSG00000236118,0,0,0,0,0,0
ENSG00000233720.1,ENSG00000233720,0,0,0,0,0,0
ENSG00000211639.2,IGLV4-60,0,0,0,0,0,0
ENSG00000227710.1,ENSG00000227710,0,0,0,0,0,0
ENSG00000224465.1,SOCS2P2,0,0,0,0,1,0
ENSG00000254308.1,IGLVIV-59,0,0,0,0,0,0
ENSG00000253637.1,IGLVV-58,0,0,0,0,0,0
ENSG00000236323.1,BMP6P1,0,0,0,0,0,0
ENSG00000211640.3,IGLV6-57,0,0,0,1,0,0
ENSG00000253126.1,IGLVI-56,0,0,0,0,0,0
ENSG00000211641.2,IGLV11-55,0,0,0,0,0,0
ENSG00000211642.2,IGLV10-54,0,0,0,0,0,0
ENSG00000253935.1,IGLVIV-53,0,0,0,0,0,0
ENSG00000228050.1,TOP3BP1,3,5,3,16,11,13
ENSG00000234726.1,ENSG00000234726,0,0,0,0,1,0
ENSG00000169575.4,VPREB1,0,0,0,1,0,1
ENSG00000279278.1,ENSG00000279278,11,12,18,15,15,11
ENSG00000274422.1,ENSG00000274422,2,0,1,3,4,0
ENSG00000234630.1,ENSG00000234630,0,0,0,0,0,0
ENSG00000272779.1,BMS1P20,11,12,6,10,5,13
ENSG00000236850.4,ENSG00000236850,3,1,4,5,2,1
ENSG00000211643.2,IGLV5-52,0,2,2,0,0,0
ENSG00000211644.2,IGLV1-51,1,1,1,0,1,0
ENSG00000211645.2,IGLV1-50,1,3,0,0,0,0
ENSG00000225724.1,ASH2LP3,0,0,0,0,1,0
ENSG00000223350.2,IGLV9-49,0,0,0,0,0,0
ENSG00000232515.1,ENSG00000232515,0,0,0,0,0,0
ENSG00000211647.1,IGLV5-48,0,0,0,0,0,0
ENSG00000211648.2,IGLV1-47,0,0,0,0,0,0
ENSG00000237428.1,ASH2LP2,0,0,0,0,1,0
ENSG00000211649.3,IGLV7-46,0,0,0,0,0,0
ENSG00000232603.1,ENSG00000232603,0,0,0,0,0,0
ENSG00000211650.2,IGLV5-45,0,0,0,0,0,0
ENSG00000211651.3,IGLV1-44,0,0,0,0,0,0
ENSG00000211652.2,IGLV7-43,0,0,0,0,0,0
ENSG00000254175.1,IGLVI-42,0,0,0,0,0,0
ENSG00000254073.1,IGLVVII-41-1,0,0,0,0,0,0
ENSG00000253818.1,IGLV1-41,0,0,0,0,0,0
ENSG00000211653.2,IGLV1-40,0,0,0,0,1,0
ENSG00000224144.1,ASH2LP1,0,0,0,0,0,0
ENSG00000253889.1,IGLVI-38,0,0,0,0,1,0
ENSG00000211654.2,IGLV5-37,0,0,0,0,0,0
ENSG00000211655.3,IGLV1-36,0,0,0,0,1,0
ENSG00000230821.1,ASH2LP4,0,1,0,0,1,0
ENSG00000253631.1,IGLV7-35,0,0,0,0,0,0
ENSG00000226595.1,ENSG00000226595,0,0,1,0,1,0
ENSG00000275004.3,ZNF280B,28,37,42,67,56,43
ENSG00000169548.3,ZNF280A,0,0,0,11,11,13
ENSG00000185686.17,PRAME,0,0,0,877,511,660
ENSG00000220891.1,LL22NC03-63E9.3,0,0,0,1,1,0
ENSG00000253120.1,IGLV2-34,0,0,0,0,0,0
ENSG00000211656.3,IGLV2-33,0,0,0,0,0,0
ENSG00000211657.3,IGLV3-32,0,0,0,0,0,0
ENSG00000253920.1,IGLV3-31,0,0,0,0,1,0
ENSG00000253329.1,IGLV3-30,0,0,0,0,0,0
ENSG00000215456.5,BCRP4,0,1,5,4,1,1
ENSG00000183169.6,POM121L1P,0,0,0,0,1,0
ENSG00000100121.12,GGTLC2,0,3,1,9,5,5
ENSG00000253338.1,IGLV3-29,0,0,0,0,1,0
ENSG00000207834.1,ENSG00000207834,0,0,0,0,0,0
ENSG00000253451.1,IGLV2-28,0,0,0,0,0,0
ENSG00000211658.2,IGLV3-27,0,0,0,2,0,0
ENSG00000253913.1,IGLV3-26,0,0,0,0,0,0
ENSG00000253779.1,IGLVVI-25-1,0,0,0,0,0,0
ENSG00000211659.2,IGLV3-25,0,0,0,0,2,0
ENSG00000232350.1,ENSG00000232350,0,0,0,0,0,0
ENSG00000223999.1,ENSG00000223999,0,0,0,0,0,0
ENSG00000253822.1,IGLV3-24,0,0,0,0,0,0
ENSG00000211660.3,IGLV2-23,0,0,0,77,66,84
ENSG00000207830.1,ENSG00000207830,0,0,0,0,0,0
ENSG00000253546.1,IGLVVI-22-1,0,0,0,0,0,0
ENSG00000211661.2,IGLV3-22,0,0,0,0,0,0
ENSG00000211662.2,IGLV3-21,0,0,0,0,0,0
ENSG00000254240.1,IGLVI-20,0,0,0,0,0,0
ENSG00000211663.2,IGLV3-19,0,0,0,0,1,0
ENSG00000278667.1,ENSG00000278667,0,0,0,0,0,0
ENSG00000264629.1,ENSG00000264629,0,0,0,0,0,0
ENSG00000211664.2,IGLV2-18,0,0,0,0,0,0
ENSG00000254709.6,IGLL5,0,0,0,1,0,0
ENSG00000253152.1,IGLV3-17,0,0,0,0,0,0
ENSG00000211665.2,IGLV3-16,0,0,0,0,0,0
ENSG00000253786.1,IGLV3-15,0,0,0,0,0,0
ENSG00000207835.1,ENSG00000207835,0,0,0,0,0,0
ENSG00000211666.2,IGLV2-14,0,0,0,104,85,106
ENSG00000253590.1,IGLV3-13,0,0,0,0,0,0
ENSG00000211667.2,IGLV3-12,0,0,0,0,0,0
ENSG00000231392.1,ENSG00000231392,0,0,0,0,0,0
ENSG00000275772.1,ENSG00000275772,0,0,0,0,0,0
ENSG00000207833.1,ENSG00000207833,0,0,0,0,0,0
ENSG00000211668.2,IGLV2-11,0,0,0,0,0,0
ENSG00000274381.1,ENSG00000274381,0,0,0,0,0,0
ENSG00000211669.2,IGLV3-10,0,0,0,0,0,0
ENSG00000226477.1,ENSG00000226477,0,0,0,0,0,0
ENSG00000211670.2,IGLV3-9,0,0,0,0,1,0
ENSG00000278196.1,IGLV2-8,0,0,0,0,1,0
ENSG00000207836.1,ENSG00000207836,0,0,0,0,0,0
ENSG00000237127.1,ENSG00000237127,0,0,0,0,1,0
ENSG00000254077.1,IGLV3-7,0,0,0,0,0,0
ENSG00000253448.1,IGLV3-6,0,0,0,0,0,0
ENSG00000207832.1,ENSG00000207832,0,0,0,0,0,0
ENSG00000253234.1,IGLV2-5,0,0,0,0,0,0
ENSG00000226420.1,IGLV3-4,0,0,0,0,0,0
ENSG00000211672.2,IGLV4-3,0,0,0,0,0,0
ENSG00000253963.1,IGLV3-2,0,0,0,0,0,0
ENSG00000211673.2,IGLV3-1,0,0,0,0,0,0
ENSG00000264824.1,MIR5571,0,0,0,0,1,0
ENSG00000211674.2,IGLJ1,0,0,0,0,0,0
ENSG00000211675.2,IGLC1,0,0,0,0,0,0
ENSG00000211676.2,IGLJ2,0,0,0,0,0,0
ENSG00000211677.2,IGLC2,1,0,0,2624,1575,1963
ENSG00000211678.2,IGLJ3,0,0,0,0,0,0
ENSG00000211679.2,IGLC3,0,0,0,1840,1180,1465
ENSG00000211680.2,IGLJ4,0,0,0,0,0,0
ENSG00000254029.1,IGLC4,0,0,0,0,0,0
ENSG00000211681.2,IGLJ5,0,0,0,0,1,0
ENSG00000254030.1,IGLC5,0,0,0,0,0,0
ENSG00000211682.2,IGLJ6,0,0,0,0,0,0
ENSG00000222037.5,IGLC6,0,0,0,1,0,1
ENSG00000211684.2,IGLJ7,0,0,0,0,0,0
ENSG00000211685.3,IGLC7,0,0,0,9,3,5
ENSG00000237472.1,ATP5PFP2,0,0,0,0,0,0
ENSG00000223679.1,ENSG00000223679,0,0,0,1,0,0
ENSG00000100218.11,RSPH14,6,7,7,1,0,0
ENSG00000128266.8,GNAZ,221,247,220,30,17,26
ENSG00000221069.1,ENSG00000221069,0,0,0,0,0,0
ENSG00000275635.1,U7,0,0,0,0,0,0
ENSG00000100228.12,RAB36,32,33,40,22,15,16
ENSG00000186716.19,BCR,279,410,341,389,251,320
ENSG00000236794.5,BCRP8,0,1,0,0,0,0
ENSG00000240160.3,RN7SL263P,0,1,1,1,0,2
ENSG00000230701.2,FBXW4P1,2,3,5,8,6,10
ENSG00000214526.3,RPS10P30,0,2,0,0,0,0
ENSG00000236611.1,LINC02556,0,1,1,0,0,0
ENSG00000215478.8,CES5AP1,1,2,0,0,1,0
ENSG00000133519.12,ZDHHC8BP,22,16,14,0,2,3
ENSG00000248409.1,CCDC188BP,1,1,0,0,0,0
ENSG00000234928.1,LINC01659,0,0,0,0,1,1
ENSG00000227755.1,ENSG00000227755,0,1,0,1,2,1
ENSG00000178248.11,FAM230I,0,0,0,0,1,0
ENSG00000225413.2,LINC02557,0,0,0,3,2,3
ENSG00000280623.1,PCAT14,0,0,1,195,149,181
ENSG00000224277.5,ENSG00000224277,0,0,0,0,2,0
ENSG00000128322.6,IGLL1,0,0,0,0,0,2
ENSG00000272733.1,ENSG00000272733,1,3,1,0,1,0
ENSG00000278655.1,ENSG00000278655,0,0,0,1,0,0
ENSG00000189269.12,DRICH1,1,2,1,0,4,2
ENSG00000275609.1,ENSG00000275609,0,0,0,0,0,1
ENSG00000211683.3,ENSG00000211683,0,2,0,1,1,1
ENSG00000228315.11,GUSBP11,0,0,0,0,0,1
ENSG00000234353.2,ENSG00000234353,0,0,0,1,4,1
ENSG00000244723.3,ASLP1,1,1,2,2,3,2
ENSG00000273000.5,ENSG00000273000,0,0,0,0,0,1
ENSG00000272578.5,GUSBP11,3,3,4,10,7,4
ENSG00000159496.14,RGL4,15,23,16,16,13,7
ENSG00000187792.4,ZNF70,27,49,32,80,48,40
ENSG00000128218.7,VPREB3,0,0,0,0,0,3
ENSG00000169314.14,C22orf15,2,7,7,4,3,5
ENSG00000250479.8,CHCHD10,30,31,30,27,17,30
ENSG00000099953.9,MMP11,2,1,1,18,17,17
ENSG00000280178.1,ENSG00000280178,0,0,0,0,0,0
ENSG00000099956.17,SMARCB1,81,91,69,210,154,164
ENSG00000099958.14,DERL3,4,8,7,87,53,78
ENSG00000272973.1,ENSG00000272973,0,3,0,1,0,2
ENSG00000133460.19,SLC2A11,54,65,44,24,35,29
ENSG00000251357.4,ENSG00000251357,0,0,0,0,0,0
ENSG00000279467.1,ENSG00000279467,4,4,1,6,4,6
ENSG00000244425.3,RN7SL268P,1,0,0,4,1,2
ENSG00000240972.1,MIF,3,2,1,1,1,1
ENSG00000218537.1,MIF-AS1,3,1,5,4,9,12
ENSG00000273295.1,ENSG00000273295,11,13,12,28,24,26
ENSG00000277002.1,ENSG00000277002,0,0,0,0,0,0
ENSG00000225282.1,KLHL5P1,2,2,1,3,1,7
ENSG00000206090.4,ENSG00000206090,0,0,0,0,0,0
ENSG00000231271.1,ENSG00000231271,0,1,0,1,0,0
ENSG00000133433.10,GSTT2B,7,4,2,10,5,8
ENSG00000228039.3,ENSG00000228039,0,0,0,0,0,0
ENSG00000099974.7,DDTL,13,23,17,40,31,47
ENSG00000272787.1,ENSG00000272787,1,2,1,1,3,3
ENSG00000099977.13,DDT,12,11,15,34,36,47
ENSG00000250470.1,ENSG00000250470,0,0,0,0,0,0
ENSG00000099984.10,GSTT2,3,5,4,3,3,7
ENSG00000224205.1,GSTT3P,1,1,1,3,0,2
ENSG00000276950.4,GSTT4,0,0,0,0,1,1
ENSG00000235689.1,ENSG00000235689,0,0,0,0,0,0
ENSG00000099991.16,CABIN1,332,368,358,604,347,447
ENSG00000232545.1,ENSG00000232545,10,10,6,11,6,7
ENSG00000099994.10,SUSD2,7,10,8,12,19,11
ENSG00000099998.17,GGT5,24,38,24,11,5,2
ENSG00000230712.2,GGTLC4P,0,0,0,3,1,4
ENSG00000128262.8,POM121L9P,2,2,4,0,0,2
ENSG00000225098.1,BCRP1,0,0,0,0,0,0
ENSG00000215464.4,RPS10P29,0,0,0,0,1,0
ENSG00000100014.19,SPECC1L,64,80,70,155,82,101
ENSG00000258555.4,SPECC1L-ADORA2A,0,1,0,0,1,0
ENSG00000128271.19,ADORA2A,1,4,2,3,0,0
ENSG00000178803.10,ADORA2A-AS1,1,5,5,6,12,4
ENSG00000100024.14,UPB1,0,1,2,1,9,2
ENSG00000228923.1,ENSG00000228923,0,0,0,0,1,0
ENSG00000138867.16,GUCD1,66,62,65,396,224,306
ENSG00000100028.11,SNRPD3,80,99,113,347,236,301
ENSG00000100031.18,GGT1,8,14,12,84,40,57
ENSG00000178026.12,LRRC75B,21,31,27,24,24,25
ENSG00000230947.2,ENSG00000230947,0,0,0,0,0,0
ENSG00000215481.8,BCRP3,9,18,16,10,12,9
ENSG00000224124.3,POM121L10P,0,0,0,1,0,0
ENSG00000224806.2,ARL5AP4,0,0,0,0,0,0
ENSG00000224334.1,ACTR2P1,0,0,0,0,1,0
ENSG00000282012.1,ENSG00000282012,0,0,0,0,0,0
ENSG00000237601.1,ENSG00000237601,0,0,0,0,0,0
ENSG00000182351.7,CRIP1P4,0,0,0,0,1,0
ENSG00000184571.13,PIWIL3,0,0,0,2,1,0
ENSG00000167037.18,SGSM1,157,212,178,4,8,9
ENSG00000199783.1,ENSG00000199783,0,0,0,0,0,0
ENSG00000206069.5,LHFPL7,0,0,1,0,0,0
ENSG00000197077.12,KIAA1671,137,156,135,163,100,151
ENSG00000279085.1,ENSG00000279085,3,3,0,1,3,0
ENSG00000279548.1,ENSG00000279548,0,1,1,1,1,0
ENSG00000279006.1,ENSG00000279006,0,2,1,4,4,3
ENSG00000279110.1,ENSG00000279110,5,6,3,12,18,6
ENSG00000203280.4,KIAA1671-AS1,6,6,6,4,1,1
ENSG00000271181.1,STMN3P1,0,0,0,0,0,0
ENSG00000100053.9,CRYBB3,0,1,1,1,0,0
ENSG00000236641.1,ENSG00000236641,0,1,0,0,0,0
ENSG00000244752.2,CRYBB2,0,2,1,4,7,1
ENSG00000278125.1,ENSG00000278125,0,0,0,0,0,0
ENSG00000279298.1,ENSG00000279298,0,0,0,0,0,0
ENSG00000233577.6,ENSG00000233577,0,0,0,0,0,0
ENSG00000206066.3,IGLL3P,0,0,0,1,0,0
ENSG00000230637.2,ENSG00000230637,0,1,0,1,1,1
ENSG00000231466.2,PHF10P2,0,1,2,4,2,1
ENSG00000100068.11,LRP5L,7,6,5,41,27,25
ENSG00000272942.1,ENSG00000272942,1,0,0,1,1,1
ENSG00000272798.1,ENSG00000272798,0,1,0,0,1,2
ENSG00000271138.1,IGLVIVOR22-1,0,0,0,0,0,0
ENSG00000100058.12,CRYBB2P1,26,30,22,55,37,52
ENSG00000277872.1,MIR6817,0,0,0,0,0,0
ENSG00000272977.1,ENSG00000272977,10,18,11,11,8,4
ENSG00000265978.1,ENSG00000265978,0,0,0,0,0,0
ENSG00000234884.1,GRK3-AS1,1,1,0,1,1,1
ENSG00000100077.14,GRK3,232,327,303,195,152,148
ENSG00000237387.1,ENSG00000237387,0,0,1,2,2,5
ENSG00000224003.1,YES1P1,2,5,4,9,4,4
ENSG00000222585.1,RNA5SP494,0,0,0,0,0,0
ENSG00000133454.15,MYO18B,0,0,0,102,95,75
ENSG00000278960.1,ENSG00000278960,0,0,0,2,1,2
ENSG00000231933.7,MYO18B-AS1,0,0,0,1,6,4
ENSG00000264925.1,ENSG00000264925,0,0,0,1,1,0
ENSG00000232464.1,ENSG00000232464,0,0,0,0,0,0
ENSG00000223056.1,RN7SKP169,0,0,0,0,1,0
ENSG00000232050.1,ENSG00000232050,0,0,0,0,0,0
ENSG00000236464.1,LINC02559,0,0,0,0,1,0
ENSG00000229770.1,ENSG00000229770,1,0,0,0,0,0
ENSG00000100095.18,SEZ6L,450,570,503,16,17,23
ENSG00000224192.2,SEZ6L-AS1,1,3,1,0,0,0
ENSG00000252267.1,RNA5SP495,0,0,0,0,0,0
ENSG00000230203.1,RPS3AP55,0,0,0,0,1,0
ENSG00000128203.6,ASPHD2,45,57,79,18,13,22
ENSG00000100099.20,HPS4,124,198,198,339,212,280
ENSG00000100104.12,SRRD,35,41,47,64,55,58
ENSG00000100109.16,TFIP11,67,111,54,174,95,116
ENSG00000261188.1,TFIP11-DT,14,23,13,28,13,17
ENSG00000128294.15,TPST2,40,46,41,93,51,92
ENSG00000221760.1,MIR548J,0,0,0,2,0,0
ENSG00000213707.2,HMGB1P10,2,3,2,9,10,6
ENSG00000100122.5,CRYBB1,3,0,1,2,2,6
ENSG00000196431.3,CRYBA4,1,0,0,0,1,1
ENSG00000226912.1,ISCA2P1,0,0,0,0,1,0
ENSG00000225783.6,MIAT,422,440,437,40,32,37
ENSG00000278404.1,ENSG00000278404,0,0,0,0,0,0
ENSG00000206028.1,ENSG00000206028,0,4,0,0,0,0
ENSG00000277941.1,ENSG00000277941,0,0,0,0,0,0
ENSG00000275942.1,ENSG00000275942,0,0,0,0,0,0
ENSG00000244625.5,MIATNB,6,7,9,7,15,14
ENSG00000276991.1,ENSG00000276991,0,0,0,0,0,0
ENSG00000223704.1,ENSG00000223704,2,3,5,3,7,2
ENSG00000231369.1,RPL15P22,0,0,0,0,0,0
ENSG00000235271.5,ENSG00000235271,0,1,0,0,1,0
ENSG00000279440.1,ENSG00000279440,0,0,0,0,8,0
ENSG00000200443.1,RNU6-1066P,0,0,0,0,0,0
ENSG00000279914.1,ENSG00000279914,0,0,0,0,0,0
ENSG00000279848.1,ENSG00000279848,0,0,0,0,0,0
ENSG00000236858.1,ENSG00000236858,1,0,0,0,2,0
ENSG00000280025.1,ENSG00000280025,0,0,0,1,4,0
ENSG00000231405.1,ENSG00000231405,0,0,0,0,1,0
ENSG00000238195.1,ENSG00000238195,0,0,0,0,1,0
ENSG00000233521.5,LINC01638,1,0,0,2,1,3
ENSG00000233574.1,ENSG00000233574,0,0,0,0,0,0
ENSG00000223726.1,ENSG00000223726,0,0,0,0,0,0
ENSG00000226741.1,LINC02554,0,0,0,0,2,0
ENSG00000230051.1,ENSG00000230051,1,3,1,0,0,0
ENSG00000280445.1,ENSG00000280445,0,0,0,1,0,0
ENSG00000227880.1,ENSG00000227880,0,0,0,0,0,0
ENSG00000224027.1,ENSG00000224027,0,0,0,0,1,0
ENSG00000227838.1,CPMER,0,0,0,2,0,1
ENSG00000231495.1,ENSG00000231495,0,0,0,0,0,0
ENSG00000226169.1,ENSG00000226169,0,0,0,0,0,0
ENSG00000169184.5,MN1,45,35,31,124,93,126
ENSG00000180957.17,PITPNB,87,107,72,119,93,95
ENSG00000235954.6,TTC28-AS1,39,50,61,43,45,47
ENSG00000277460.1,ENSG00000277460,0,0,0,0,0,0
ENSG00000264073.1,MIR3199-1,0,0,0,0,0,1
ENSG00000276150.1,ENSG00000276150,0,0,0,0,0,0
ENSG00000100154.14,TTC28,90,128,82,206,114,110
ENSG00000274342.1,ENSG00000274342,0,0,0,0,0,0
ENSG00000276675.1,ENSG00000276675,0,0,0,0,0,0
ENSG00000239249.3,RN7SL757P,1,0,0,0,0,0
ENSG00000201209.1,SNORD42,0,0,0,0,0,0
ENSG00000199797.1,Y_RNA,0,0,0,0,0,0
ENSG00000276162.1,MIR5739,0,0,0,2,1,2
ENSG00000266503.2,RN7SL162P,0,0,0,0,0,0
ENSG00000183765.20,CHEK2,1,7,5,123,100,123
ENSG00000100209.9,HSCB,8,13,13,48,31,25
ENSG00000159873.9,CCDC117,78,79,60,273,178,182
ENSG00000100219.16,XBP1,73,108,84,1155,682,835
ENSG00000280977.1,ENSG00000280977,0,0,0,1,0,1
ENSG00000226471.6,ENSG00000226471,2,6,2,8,10,13
ENSG00000272858.1,ENSG00000272858,0,0,0,4,3,2
ENSG00000224256.1,BBLNP2,0,0,0,0,0,0
ENSG00000183579.15,ZNRF3,107,110,110,106,98,91
ENSG00000235786.1,ZNRF3-IT1,1,6,2,3,3,2
ENSG00000177993.3,ZNRF3-AS1,5,3,2,7,2,2
ENSG00000100249.4,C22orf31,0,2,0,0,1,0
ENSG00000183762.12,KREMEN1,53,64,38,83,61,74
ENSG00000226772.1,ENSG00000226772,1,0,3,0,0,0
ENSG00000281592.1,ENSG00000281592,0,0,0,0,0,0
ENSG00000200871.1,RNU6-810P,1,0,0,0,0,0
ENSG00000251952.1,RNU6-1219P,0,0,0,0,0,0
ENSG00000186998.15,EMID1,12,29,32,13,6,9
ENSG00000100263.13,RHBDD3,28,42,34,85,60,73
ENSG00000237015.1,ENSG00000237015,2,1,2,7,3,5
ENSG00000182944.17,EWSR1,406,425,407,1078,792,979
ENSG00000185340.15,GAS2L1,75,85,76,34,28,37
ENSG00000100276.9,RASL10A,10,30,18,0,2,0
ENSG00000273216.1,ENSG00000273216,0,0,1,1,1,0
ENSG00000100280.16,AP1B1,280,328,313,436,317,339
ENSG00000280968.1,ENSG00000280968,0,0,0,0,0,0
ENSG00000239127.1,SNORD125,0,0,0,0,0,0
ENSG00000242156.1,ENSG00000242156,0,0,0,0,0,0
ENSG00000278292.1,RFPL4AP6,0,0,0,0,1,0
ENSG00000225465.8,RFPL1S,108,99,105,4,2,0
ENSG00000274457.1,ENSG00000274457,0,0,0,0,0,0
ENSG00000128250.5,RFPL1,0,0,0,0,0,0
ENSG00000282816.1,ENSG00000282816,0,0,0,0,0,0
ENSG00000100285.9,NEFH,199,268,258,28,25,22
ENSG00000100296.13,THOC5,88,164,79,268,169,188
ENSG00000234208.1,ENSG00000234208,0,0,1,1,1,0
ENSG00000184117.11,NIPSNAP1,126,150,139,345,214,273
ENSG00000186575.17,NF2,233,302,271,518,359,397
ENSG00000233010.1,RPEP4,2,4,1,2,0,3
ENSG00000232396.2,CABP7-DT,0,1,0,0,0,0
ENSG00000239446.1,ENSG00000239446,0,0,0,0,0,0
ENSG00000100314.3,CABP7,17,23,26,2,1,6
ENSG00000100319.12,ZMAT5,21,14,11,23,24,20
ENSG00000200976.1,Y_RNA,0,0,0,0,0,0
ENSG00000184076.12,UQCR10,93,102,115,205,111,147
ENSG00000100325.14,ASCC2,42,48,43,169,104,150
ENSG00000100330.15,MTMR3,41,49,37,28,13,18
ENSG00000278841.1,ENSG00000278841,1,0,1,0,0,0
ENSG00000207455.1,RNU6-331P,0,0,0,0,0,0
ENSG00000221736.2,ENSG00000221736,0,0,0,0,0,0
ENSG00000279159.1,ENSG00000279159,74,91,73,82,61,73
ENSG00000275818.1,MIR6818,0,0,0,0,0,0
ENSG00000227117.6,HORMAD2-AS1,2,0,0,1,1,0
ENSG00000227201.2,CNN2P1,0,1,0,0,1,0
ENSG00000176635.17,HORMAD2,0,0,0,1,5,0
ENSG00000226573.1,RPL36P17,0,0,0,0,0,0
ENSG00000225971.1,RPS3AP51,0,0,0,0,0,0
ENSG00000225676.1,ENSG00000225676,0,0,0,0,2,0
ENSG00000232530.1,LIF-AS1,0,0,0,2,0,0
ENSG00000128342.4,LIF,2,3,3,156,96,108
ENSG00000268812.3,LIF-AS2,0,0,0,3,1,0
ENSG00000099985.3,OSM,0,0,1,0,0,2
ENSG00000279699.1,ENSG00000279699,1,3,0,0,1,1
ENSG00000239282.7,CASTOR1,5,5,2,2,0,1
ENSG00000248751.6,ENSG00000248751,0,0,0,0,0,0
ENSG00000099992.15,TBC1D10A,13,14,14,40,28,38
ENSG00000099995.18,SF3A1,228,277,216,464,294,344
ENSG00000187860.10,CCDC157,3,15,10,6,8,6
ENSG00000099999.14,RNF215,60,74,48,66,43,54
ENSG00000100003.17,SEC14L2,54,79,71,48,35,36
ENSG00000249590.7,ENSG00000249590,0,0,0,0,0,0
ENSG00000275258.1,ENSG00000275258,0,0,1,0,0,0
ENSG00000273350.1,ENSG00000273350,3,6,4,4,6,2
ENSG00000222915.1,RNU6-564P,1,2,0,0,0,0
ENSG00000272689.1,ENSG00000272689,0,2,1,4,4,2
ENSG00000242114.5,MTFP1,0,0,0,1,6,2
ENSG00000273428.3,ENSG00000273428,0,0,0,1,1,1
ENSG00000230137.1,SLC39A1P1,0,0,0,1,0,0
ENSG00000100012.11,SEC14L3,1,0,0,0,2,0
ENSG00000181123.8,ENSG00000181123,0,0,0,0,0,0
ENSG00000214161.3,SDC4P,0,0,0,0,0,0
ENSG00000133488.14,SEC14L4,0,0,0,2,2,5
ENSG00000214491.8,SEC14L6,4,14,2,4,6,5
ENSG00000225774.2,SIRPAP1,0,0,0,0,0,0
ENSG00000128242.12,GAL3ST1,19,18,19,4,6,3
ENSG00000100029.17,PES1,82,101,81,355,261,317
ENSG00000223831.1,PES1-AS1,0,0,0,0,0,0
ENSG00000185339.8,TCN2,23,28,30,68,61,47
ENSG00000100036.12,SLC35E4,20,32,26,22,12,13
ENSG00000167065.13,DUSP18,7,12,9,12,9,9
ENSG00000250318.1,RPL13AP26,1,2,0,2,0,1
ENSG00000184792.15,OSBP2,131,154,113,125,60,94
ENSG00000264661.2,MIR3200,1,0,0,0,0,0
ENSG00000237977.1,EIF4HP2,1,4,8,3,6,5
ENSG00000235989.3,MORC2-AS1,1,2,3,3,1,3
ENSG00000133422.12,MORC2,101,98,62,178,118,191
ENSG00000253352.8,TUG1,164,201,180,469,291,343
ENSG00000276664.1,ENSG00000276664,0,0,0,0,0,0
ENSG00000276057.1,ENSG00000276057,0,0,0,0,0,0
ENSG00000276965.1,ENSG00000276965,0,0,0,0,0,0
ENSG00000275307.1,ENSG00000275307,0,0,0,0,0,0
ENSG00000269987.1,ENSG00000269987,0,0,0,0,0,0
ENSG00000269972.1,ENSG00000269972,0,0,0,0,0,0
ENSG00000278920.1,ENSG00000278920,0,0,0,2,5,2
ENSG00000240186.3,RN7SL633P,0,0,0,0,0,0
ENSG00000183963.18,SMTN,48,59,54,172,111,172
ENSG00000273387.1,ENSG00000273387,1,2,1,8,5,3
ENSG00000198832.10,SELENOM,93,106,89,32,21,21
ENSG00000235573.2,RPS15AP37,0,0,0,0,0,0
ENSG00000185133.13,INPP5J,65,88,70,8,8,17
ENSG00000100078.3,PLA2G3,1,4,2,14,13,8
ENSG00000214125.2,SNRPNP2,0,0,0,0,0,0
ENSG00000264141.1,MIR3928,0,0,0,0,0,0
ENSG00000138942.15,RNF185,61,108,80,101,83,89
ENSG00000254835.1,RNF185-AS1,0,0,0,0,0,0
ENSG00000182541.17,LIMK2,102,123,108,122,74,112
ENSG00000199695.1,RNU6-1128P,0,0,0,0,1,0
ENSG00000202019.1,Y_RNA,0,0,0,0,0,0
ENSG00000100100.12,PIK3IP1,126,175,139,52,36,36
ENSG00000228839.5,PIK3IP1-DT,2,1,4,2,0,1
ENSG00000212542.1,RNA5SP496,0,0,0,0,0,0
ENSG00000100105.17,PATZ1,77,77,66,201,121,143
ENSG00000213888.3,LINC01521,12,14,14,8,9,6
ENSG00000206615.1,RNU6-338P,0,0,0,0,0,0
ENSG00000185721.11,DRG1,97,135,105,224,173,175
ENSG00000184708.17,EIF4ENIF1,107,123,105,103,82,83
ENSG00000240591.1,ENSG00000240591,0,0,2,0,1,0
ENSG00000199248.1,RNU6-28P,0,0,0,0,1,1
ENSG00000198089.14,SFI1,134,133,120,156,115,153
ENSG00000233733.1,H2AZP6,1,0,1,0,0,0
ENSG00000229169.1,RPS26P59,0,0,0,0,0,0
ENSG00000214093.3,RPS18P14,0,1,1,4,1,4
ENSG00000241878.9,PISD,194,256,234,162,99,109
ENSG00000275382.1,ENSG00000275382,0,0,0,0,0,0
ENSG00000183530.13,PRR14L,223,275,237,426,298,339
ENSG00000100150.16,DEPDC5,66,99,96,107,66,85
ENSG00000242251.3,RN7SL20P,0,0,0,1,1,1
ENSG00000236132.1,RPL17P52,0,0,1,1,2,0
ENSG00000252909.1,RNU6-201P,0,0,0,0,0,0
ENSG00000227813.1,ENSG00000227813,0,0,2,0,0,0
ENSG00000128254.12,YWHAH-AS1,0,5,5,2,1,2
ENSG00000128245.14,YWHAH,1042,1378,1159,335,220,297
ENSG00000227519.1,ENSG00000227519,0,0,0,1,0,0
ENSG00000230866.1,LINC02558,0,0,0,0,2,0
ENSG00000240647.3,RN7SL305P,0,0,0,0,0,0
ENSG00000232346.1,RPS17P16,0,0,0,0,0,0
ENSG00000100170.9,SLC5A1,0,0,0,0,5,0
ENSG00000234479.2,AP1B1P1,0,0,0,0,1,1
ENSG00000237439.1,ENSG00000237439,0,0,0,0,0,0
ENSG00000232707.1,AP1B1P2,0,0,0,0,0,0
ENSG00000239674.2,ENSG00000239674,0,0,0,1,0,0
ENSG00000205856.3,C22orf42,0,2,0,0,1,1
ENSG00000230120.1,ENSG00000230120,0,0,0,0,0,0
ENSG00000275656.1,ENSG00000275656,0,0,0,0,0,0
ENSG00000128253.13,RFPL2,5,3,10,1,1,0
ENSG00000279219.1,ENSG00000279219,0,0,0,0,0,0
ENSG00000254127.1,IGLCOR22-1,0,0,0,0,0,0
ENSG00000242082.1,SLC5A4-AS1,7,9,3,2,3,1
ENSG00000100191.5,SLC5A4,6,9,6,14,10,5
ENSG00000214076.3,CPSF1P1,41,43,42,5,11,10
ENSG00000224050.1,ENSG00000224050,1,1,3,0,0,0
ENSG00000273325.1,ENSG00000273325,0,2,0,1,0,0
ENSG00000234626.1,ENSG00000234626,0,1,1,0,0,0
ENSG00000128276.10,RFPL3,0,0,0,0,0,0
ENSG00000271093.1,IGLCOR22-2,0,0,0,0,0,1
ENSG00000205853.10,RFPL3S,1,1,1,0,0,1
ENSG00000274617.1,ENSG00000274617,0,0,0,0,0,0
ENSG00000274170.1,ENSG00000274170,0,0,0,0,0,0
ENSG00000230736.2,ENSG00000230736,1,2,2,1,0,2
ENSG00000243519.1,IGLVIVOR22-2,0,0,0,0,0,0
ENSG00000241954.1,ENSG00000241954,0,0,0,1,2,0
ENSG00000232218.1,RGL4P1,1,0,0,2,0,0
ENSG00000100220.11,RTCB,139,191,156,440,222,310
ENSG00000184459.8,BPIFC,0,0,0,0,1,0
ENSG00000100225.17,FBXO7,183,204,221,498,434,429
ENSG00000185666.14,SYN3,85,114,87,13,13,9
ENSG00000236054.1,SYN3-AS1,0,3,3,1,1,1
ENSG00000251890.1,RNA5SP497,0,0,0,0,0,0
ENSG00000229673.1,ENSG00000229673,0,0,1,0,0,0
ENSG00000100234.11,TIMP3,219,277,248,828,516,629
ENSG00000228194.1,ETFRF1P1,0,0,0,0,0,0
ENSG00000228622.1,ENSG00000228622,0,0,0,0,0,0
ENSG00000231253.1,LINC01640,0,0,0,0,0,1
ENSG00000233632.1,ENSG00000233632,0,0,0,0,1,0
ENSG00000133424.20,LARGE1,194,249,229,91,64,98
ENSG00000232073.1,ENSG00000232073,0,0,0,0,0,0
ENSG00000230741.1,ENSG00000230741,1,1,2,2,1,0
ENSG00000266012.1,MIR4764,0,0,0,0,0,0
ENSG00000253007.2,SNORA50B,0,0,0,0,0,0
ENSG00000281295.1,ENSG00000281295,0,0,0,0,0,0
ENSG00000232081.1,LARGE-IT1,0,0,0,0,0,1
ENSG00000224973.5,LARGE-AS1,6,6,5,4,4,4
ENSG00000273082.1,LARGE1-AS1,0,0,0,0,0,0
ENSG00000236052.1,LINC01643,0,0,0,0,1,0
ENSG00000224404.1,ENSG00000224404,0,1,2,0,0,0
ENSG00000235485.1,ACO2P1,48,70,65,46,25,39
ENSG00000280356.1,ENSG00000280356,0,0,0,3,4,2
ENSG00000234891.1,ENSG00000234891,1,2,0,0,1,0
ENSG00000237316.1,ENSG00000237316,0,0,1,0,0,0
ENSG00000227895.5,ENSG00000227895,1,0,0,2,0,1
ENSG00000175329.12,ISX,0,0,0,5,4,1
ENSG00000233080.2,LINC01399,0,0,0,0,0,1
ENSG00000273068.1,ENSG00000273068,0,0,0,0,0,0
ENSG00000279184.1,ENSG00000279184,0,0,1,76,77,63
ENSG00000238153.1,ENSG00000238153,0,0,0,0,0,0
ENSG00000243453.1,ENSG00000243453,0,0,0,0,0,0
ENSG00000238584.1,RNU7-167P,0,0,0,0,0,0
ENSG00000100281.13,HMGXB4,33,50,57,130,113,114
ENSG00000273176.1,ENSG00000273176,2,0,1,0,0,0
ENSG00000100284.20,TOM1,122,139,132,101,67,84
ENSG00000266320.1,MIR3909,1,0,0,1,1,0
ENSG00000274280.1,MIR6069,0,0,0,0,0,0
ENSG00000282602.1,ENSG00000282602,0,0,0,1,0,0
ENSG00000282041.1,ENSG00000282041,0,0,0,0,0,0
ENSG00000100292.16,HMOX1,14,20,14,91,56,95
ENSG00000100297.15,MCM5,32,37,47,673,365,543
ENSG00000233388.2,TRMT112P8,0,0,0,4,1,5
ENSG00000273044.1,ENSG00000273044,0,0,0,0,0,0
ENSG00000100302.6,RASD2,58,85,61,16,14,17
ENSG00000198125.12,MB,0,2,0,9,9,8
ENSG00000268818.2,ENSG00000268818,0,0,0,0,0,0
ENSG00000221963.5,APOL6,64,55,59,338,201,258
ENSG00000228587.1,ENSG00000228587,0,0,0,0,0,0
ENSG00000226336.2,MRPS16P3,0,0,0,0,0,0
ENSG00000128313.2,APOL5,0,0,1,0,0,0
ENSG00000100320.22,RBFOX2,668,803,767,575,392,447
ENSG00000237406.1,NDUFA9P1,3,3,1,4,3,3
ENSG00000279652.1,ENSG00000279652,10,8,4,19,23,18
ENSG00000279927.1,ENSG00000279927,0,0,0,0,0,0
ENSG00000279217.1,ENSG00000279217,0,0,0,0,9,0
ENSG00000279714.1,ENSG00000279714,0,0,0,0,0,0
ENSG00000279805.1,ENSG00000279805,1,0,1,0,1,0
ENSG00000128284.19,APOL3,7,6,13,39,32,19
ENSG00000233764.1,MTCO1P20,0,0,0,0,1,0
ENSG00000231576.1,MTCO2P20,0,0,0,0,0,0
ENSG00000237948.1,MTATP6P20,0,0,0,0,1,0
ENSG00000225557.1,MTCO3P20,0,0,0,0,1,0
ENSG00000237129.1,MTCYBP34,0,0,0,0,0,0
ENSG00000229088.1,MTND1P10,0,0,0,0,1,0
ENSG00000100336.17,APOL4,11,6,8,9,5,4
ENSG00000128335.13,APOL2,111,160,145,149,111,122
ENSG00000100342.20,APOL1,4,12,6,94,72,84
ENSG00000100345.20,MYH9,543,612,582,3306,1999,2620
ENSG00000278420.1,MIR6819,0,0,0,0,0,0
ENSG00000223695.1,MYH9-DT,1,2,0,3,0,0
ENSG00000237668.1,RPS15AP38,0,0,0,0,1,0
ENSG00000252575.1,ENSG00000252575,0,0,0,0,0,0
ENSG00000252225.1,Y_RNA,0,0,0,0,0,0
ENSG00000228719.1,ENSG00000228719,0,0,3,0,0,0
ENSG00000100348.9,TXN2,31,46,42,87,54,42
ENSG00000100350.14,FOXRED2,81,116,117,234,113,126
ENSG00000100353.17,EIF3D,126,151,170,978,639,821
ENSG00000188078.5,ENSG00000188078,0,0,0,0,0,1
ENSG00000229971.1,ENSG00000229971,0,0,0,0,0,0
ENSG00000261675.1,ENSG00000261675,41,56,44,0,0,0
ENSG00000166862.6,CACNG2,35,38,51,0,1,0
ENSG00000234688.1,CACNG2-DT,3,2,5,0,0,0
ENSG00000100360.14,IFT27,62,61,63,87,59,70
ENSG00000100362.12,PVALB,111,156,118,28,19,18
ENSG00000234979.1,ENSG00000234979,2,0,0,0,0,0
ENSG00000183822.3,NCF4-AS1,0,0,1,1,3,1
ENSG00000100365.14,NCF4,5,11,1,27,19,20
ENSG00000100368.13,CSF2RB,2,4,5,57,48,45
ENSG00000232254.1,CSF2RBP1,0,0,0,0,1,0
ENSG00000215403.1,LL22NC01-81G9.3,0,0,0,0,0,0
ENSG00000185264.11,CIMIP4,0,0,0,0,0,0
ENSG00000128311.13,TST,17,22,18,88,64,51
ENSG00000252412.1,Y_RNA,1,1,0,0,0,0
ENSG00000128309.16,MPST,35,31,33,139,81,115
ENSG00000100379.17,KCTD17,57,81,82,36,26,17
ENSG00000201078.1,RN7SKP214,0,0,0,1,0,0
ENSG00000187045.16,TMPRSS6,0,3,0,6,5,4
ENSG00000231467.2,ENSG00000231467,0,0,0,0,1,0
ENSG00000100385.13,IL2RB,1,0,0,6,6,5
ENSG00000252142.1,ENSG00000252142,0,0,0,0,0,0
ENSG00000235237.1,IL2RB-AS1,0,0,0,1,0,0
ENSG00000133466.13,C1QTNF6,11,8,10,84,67,68
ENSG00000278195.1,SSTR3,31,36,49,14,12,12
ENSG00000226233.1,RPL39P41,0,0,0,0,0,0
ENSG00000128340.14,RAC2,11,9,6,127,84,107
ENSG00000100055.20,CYTH4,14,23,17,23,21,13
ENSG00000243902.6,ELFN2,2,4,3,0,0,0
ENSG00000237862.1,ENSG00000237862,1,1,1,1,3,0
ENSG00000166897.14,ELFN2,101,131,108,20,14,22
ENSG00000272694.1,ENSG00000272694,0,0,0,0,0,0
ENSG00000100060.17,MFNG,5,7,6,91,36,60
ENSG00000100065.14,CARD10,3,8,7,110,91,89
ENSG00000225867.1,ENSG00000225867,1,1,0,0,0,0
ENSG00000128283.6,CDC42EP1,72,108,65,150,82,132
ENSG00000100079.6,LGALS2,0,0,0,6,6,4
ENSG00000273866.1,Metazoa_SRP,0,0,0,0,0,0
ENSG00000100083.18,GGA1,137,175,139,357,223,252
ENSG00000100092.20,SH3BP1,24,13,19,77,43,61
ENSG00000233360.4,PDXP-DT,0,3,1,6,2,3
ENSG00000241360.1,PDXP,5,10,6,3,1,2
ENSG00000241333.3,RN7SL385P,0,1,0,0,0,0
ENSG00000100097.11,LGALS1,92,123,96,932,554,770
ENSG00000273899.4,NOL12,9,9,14,26,13,18
ENSG00000100101.15,ENSG00000100101,0,0,0,0,0,0
ENSG00000100106.19,TRIOBP,40,31,28,193,113,146
ENSG00000281932.1,ENSG00000281932,0,0,0,0,0,0
ENSG00000189060.5,H1-0,106,147,111,252,167,190
ENSG00000100116.16,GCAT,38,31,38,84,61,57
ENSG00000128310.2,GALR3,0,0,2,1,1,0
ENSG00000100124.12,ANKRD54,36,51,61,96,55,77
ENSG00000207945.1,ENSG00000207945,0,0,0,0,0,0
ENSG00000207696.1,MIR659,0,0,0,0,0,0
ENSG00000100129.17,EIF3L,253,317,285,930,599,828
ENSG00000279738.1,ENSG00000279738,11,23,13,47,32,20
ENSG00000207227.1,RNU6-900P,0,0,0,0,0,0
ENSG00000100139.13,MICALL1,58,68,69,166,108,132
ENSG00000278948.1,ENSG00000278948,1,7,1,4,1,1
ENSG00000128346.10,C22orf23,2,1,6,8,5,4
ENSG00000280527.1,ENSG00000280527,0,1,0,0,0,1
ENSG00000279010.1,ENSG00000279010,166,185,150,103,83,71
ENSG00000272582.1,ENSG00000272582,0,0,0,0,0,0
ENSG00000100142.14,POLR2F,16,30,17,14,8,8
ENSG00000277321.1,ENSG00000277321,0,0,0,0,0,0
ENSG00000100146.16,SOX10,0,0,0,0,0,0
ENSG00000264505.1,ENSG00000264505,0,0,0,0,0,0
ENSG00000222044.1,ENSG00000222044,6,3,10,4,6,0
ENSG00000273214.1,ENSG00000273214,0,0,1,0,1,0
ENSG00000100151.15,PICK1,95,99,106,59,42,68
ENSG00000233739.1,ENSG00000233739,0,0,0,0,0,0
ENSG00000100156.10,SLC16A8,8,11,8,10,4,6
ENSG00000128298.16,BAIAP2L2,6,21,7,15,7,9
ENSG00000272720.1,ENSG00000272720,10,3,3,3,2,1
ENSG00000184381.18,PLA2G6,70,68,67,92,47,54
ENSG00000279080.1,ENSG00000279080,1,3,4,12,7,6
ENSG00000185022.11,MAFF,32,28,21,101,65,70
ENSG00000198792.12,TMEM184B,220,243,230,212,152,185
ENSG00000235246.1,TMEM184B-AS1,0,0,0,0,0,0
ENSG00000241693.2,RN7SL704P,0,0,0,0,0,0
ENSG00000265311.1,ENSG00000265311,0,0,0,0,0,0
ENSG00000277385.1,Metazoa_SRP,0,0,0,0,0,0
ENSG00000213923.10,CSNK1E,272,260,252,649,378,495
ENSG00000244627.5,TPTEP2,10,10,10,25,30,21
ENSG00000229955.1,ENSG00000229955,2,0,1,4,3,4
ENSG00000228620.1,ENSG00000228620,0,0,0,0,0,0
ENSG00000168135.4,KCNJ4,46,67,49,2,1,2
ENSG00000100196.10,KDELR3,6,8,7,114,101,94
ENSG00000100201.18,DDX17,1698,1994,1792,3040,1971,2440
ENSG00000100206.9,DMC1,2,5,0,19,13,10
ENSG00000224279.2,RPS29P31,1,0,0,0,0,0
ENSG00000184949.15,FAM227A,15,12,17,43,48,26
ENSG00000100211.10,CBY1,14,18,15,24,21,37
ENSG00000230912.1,ENSG00000230912,2,0,0,0,4,2
ENSG00000228274.3,TOMM22-DT,12,7,15,6,8,8
ENSG00000100216.5,TOMM22,57,80,58,202,125,182
ENSG00000100221.10,JOSD1,152,166,138,273,214,225
ENSG00000100226.15,GTPBP1,160,209,170,377,198,267
ENSG00000229598.1,PRDX3P1,3,5,1,9,2,9
ENSG00000244491.1,ENSG00000244491,0,0,1,0,2,0
ENSG00000100242.15,SUN2,341,457,392,329,181,285
ENSG00000230149.2,ENSG00000230149,0,2,0,2,1,2
ENSG00000273096.1,ENSG00000273096,0,1,1,1,3,0
ENSG00000225450.1,ENSG00000225450,1,0,2,2,0,1
ENSG00000272669.1,ENSG00000272669,1,5,1,5,9,6
ENSG00000273076.1,ENSG00000273076,0,1,1,4,0,2
ENSG00000100246.12,DNAL4,20,46,38,50,18,30
ENSG00000221890.2,NPTXR,397,461,405,71,61,52
ENSG00000183741.11,CBX6,755,907,853,365,247,310
ENSG00000235209.1,ENSG00000235209,0,0,0,0,0,0
ENSG00000128383.12,APOBEC3A,0,0,0,7,4,2
ENSG00000179750.15,APOBEC3B,0,0,0,28,23,23
ENSG00000249310.2,APOBEC3B-AS1,0,0,0,0,0,0
ENSG00000244509.3,APOBEC3C,5,3,3,89,50,65
ENSG00000243811.7,APOBEC3D,2,2,3,20,10,13
ENSG00000128394.16,APOBEC3F,2,2,0,12,12,11
ENSG00000239713.7,APOBEC3G,5,11,4,48,35,32
ENSG00000259421.1,ENSG00000259421,0,0,0,0,0,0
ENSG00000225720.6,ENSG00000225720,0,2,1,0,0,0
ENSG00000100298.15,APOBEC3H,4,3,0,0,0,0
ENSG00000100307.12,CBX7,197,265,211,26,19,23
ENSG00000226024.1,COX5BP7,0,0,0,0,0,0
ENSG00000279833.1,ENSG00000279833,6,19,10,8,5,6
ENSG00000227009.1,FUNDC2P4,0,0,0,0,0,0
ENSG00000100311.16,PDGFB,35,50,34,45,31,48
ENSG00000224794.1,ENSG00000224794,0,0,0,0,0,2
ENSG00000100316.15,RPL3,856,975,906,5191,3094,3888
ENSG00000209480.1,SNORD83B,0,0,0,0,0,0
ENSG00000209482.1,SNORD83A,1,0,0,3,3,1
ENSG00000280859.1,ENSG00000280859,0,0,0,1,0,2
ENSG00000263764.1,SNORD43,0,0,0,0,0,0
ENSG00000100321.14,SYNGR1,774,1006,875,58,54,45
ENSG00000280216.1,ENSG00000280216,1,2,2,0,0,0
ENSG00000100324.13,TAB1,114,102,79,88,83,97
ENSG00000128268.11,MGAT3,257,328,274,34,15,24
ENSG00000227188.1,MGAT3-AS1,4,7,8,1,2,1
ENSG00000100335.12,MIEF1,101,129,121,321,166,217
ENSG00000128272.14,ATF4,305,379,331,1422,862,1131
ENSG00000187051.8,RPS19BP1,79,95,76,142,112,105
ENSG00000100346.17,CACNA1I,126,158,151,3,5,0
ENSG00000176177.9,ENTHD1,0,0,0,2,3,4
ENSG00000235647.1,MTFR2P2,0,0,0,0,1,0
ENSG00000238875.1,RN7SKP210,0,0,0,0,0,0
ENSG00000226085.3,UQCRFS1P1,1,5,6,4,8,4
ENSG00000100351.16,GRAP2,1,0,1,71,51,51
ENSG00000225528.1,TMA7B,0,0,0,8,1,7
ENSG00000133477.16,FAM83F,0,1,6,29,21,14
ENSG00000261202.1,TNRC6B-DT,0,2,0,1,0,2
ENSG00000100354.20,TNRC6B,610,713,617,553,331,426
ENSG00000228599.1,RPL7P52,2,4,2,3,2,2
ENSG00000239900.11,ADSL,53,47,54,369,224,271
ENSG00000279624.3,ENSG00000279624,0,0,1,1,0,0
ENSG00000100359.20,SGSM3,148,172,146,202,129,169
ENSG00000229999.6,SGSM3-AS1,1,2,0,3,2,2
ENSG00000196588.14,MRTFA,152,149,113,149,84,99
ENSG00000272834.1,ENSG00000272834,0,0,1,1,1,3
ENSG00000227413.1,ENSG00000227413,2,0,1,0,3,0
ENSG00000232564.2,MRTFA-AS1,3,8,5,10,7,7
ENSG00000252124.1,ENSG00000252124,0,1,1,2,2,0
ENSG00000172912.4,COX6B1P3,0,0,0,1,0,0
ENSG00000230071.2,RPL4P6,1,2,1,8,5,11
ENSG00000231907.2,GAPDHP37,0,1,0,0,1,0
ENSG00000128285.4,MCHR1,12,21,17,2,3,2
ENSG00000100372.14,SLC25A17,48,42,48,134,107,124
ENSG00000230769.1,RFKP4,1,1,3,5,1,1
ENSG00000233603.1,JTBP1,1,1,0,5,0,4
ENSG00000266594.1,MIR4766,0,0,0,1,0,0
ENSG00000100380.12,ST13,491,597,607,1177,819,991
ENSG00000196236.12,XPNPEP3,34,48,41,155,113,139
ENSG00000172404.4,DNAJB7,2,2,0,2,1,0
ENSG00000273979.1,Metazoa_SRP,0,0,0,0,0,2
ENSG00000200683.1,RNU6-379P,0,0,0,0,0,1
ENSG00000100387.8,RBX1,62,87,71,158,105,123
ENSG00000222698.1,Y_RNA,0,0,0,0,0,0
ENSG00000280863.1,ENSG00000280863,0,0,0,0,0,0
ENSG00000237214.3,RPS9P2,0,0,0,0,0,0
ENSG00000199515.1,Y_RNA,0,0,0,0,0,0
ENSG00000213857.3,ACTBP15,0,0,0,0,0,0
ENSG00000100393.9,EP300,353,461,463,664,385,463
ENSG00000221160.1,ENSG00000221160,0,0,0,0,0,0
ENSG00000252859.1,RNU6-375P,0,0,0,0,1,0
ENSG00000232754.1,ENSG00000232754,0,1,0,2,2,1
ENSG00000231993.1,EP300-AS1,1,2,0,0,1,2
ENSG00000215771.2,LRRC37A14P,0,1,0,0,0,1
ENSG00000100395.14,L3MBTL2,110,115,102,128,99,96
ENSG00000235513.1,L3MBTL2-AS1,7,4,6,2,4,6
ENSG00000100399.15,CHADL,31,41,39,2,2,1
ENSG00000100401.19,RANGAP1,307,364,315,557,350,448
ENSG00000274552.1,MIR6889,0,0,0,0,0,0
ENSG00000100403.11,ZC3H7B,481,603,546,504,335,432
ENSG00000167074.14,TEF,344,396,354,48,34,28
ENSG00000199865.1,RNU6-495P,0,2,0,0,0,0
ENSG00000273424.1,ENSG00000273424,0,0,2,4,1,0
ENSG00000183864.4,TOB2,201,277,197,175,115,144
ENSG00000100410.7,PHF5A,35,41,17,144,81,90
ENSG00000100412.15,ACO2,286,357,338,250,170,192
ENSG00000100413.16,POLR3H,112,87,85,129,72,91
ENSG00000172346.14,CSDC2,72,96,64,6,5,1
ENSG00000100417.11,PMM1,41,44,70,60,34,31
ENSG00000100418.7,DESI1,139,201,171,192,152,149
ENSG00000196419.12,XRCC6,450,534,454,1779,1196,1391
ENSG00000200332.1,Y_RNA,0,0,0,0,0,0
ENSG00000100138.13,SNU13,176,213,193,390,231,319
ENSG00000207457.1,RNU6-476P,0,1,0,3,1,0
ENSG00000184208.10,C22orf46P,35,37,32,56,47,49
ENSG00000167077.12,MEI1,1,5,1,6,5,2
ENSG00000231261.1,HMGN2P10,0,1,0,0,0,0
ENSG00000252603.1,RNU6ATAC22P,0,0,0,0,0,0
ENSG00000206813.1,Y_RNA,0,0,0,0,0,0
ENSG00000100147.13,CCDC134,13,23,25,46,29,40
ENSG00000184068.2,SREBF2-AS1,11,14,13,33,17,21
ENSG00000198911.11,SREBF2,566,752,633,725,438,609
ENSG00000207932.1,MIR33A,0,1,2,0,0,0
ENSG00000234965.2,SHISA8,33,33,16,0,0,4
ENSG00000159958.4,TNFRSF13C,4,2,2,10,9,12
ENSG00000263463.1,ENSG00000263463,0,0,0,0,0,0
ENSG00000100162.14,CENPM,0,4,1,71,42,59
ENSG00000205704.6,SMIM45,28,15,23,0,1,1
ENSG00000100167.19,SEPTIN3,800,1010,963,59,43,64
ENSG00000224883.1,ENSG00000224883,2,3,4,0,1,0
ENSG00000183066.14,WBP2NL,14,12,10,5,9,1
ENSG00000215347.3,SLC25A5P1,0,0,0,0,1,0
ENSG00000198951.11,NAGA,36,47,59,163,123,143
ENSG00000177096.8,PHETA2,9,3,4,6,4,6
ENSG00000238498.1,SNORD13P1,0,0,0,0,0,0
ENSG00000183172.8,SMDT1,27,47,35,33,15,28
ENSG00000184983.9,NDUFA6,72,109,91,187,117,143
ENSG00000270083.1,ENSG00000270083,1,1,2,6,2,2
ENSG00000237037.9,NDUFA6-DT,64,78,65,32,22,23
ENSG00000213790.2,OLA1P1,0,0,3,2,0,0
ENSG00000100197.20,CYP2D6,21,24,18,18,11,9
ENSG00000227370.1,ENSG00000227370,1,1,1,3,1,4
ENSG00000232710.1,ENSG00000232710,2,4,2,2,0,0
ENSG00000281538.1,ENSG00000281538,4,3,5,1,1,0
ENSG00000205702.10,CYP2D7,6,18,10,5,9,12
ENSG00000226450.2,CYP2D8P,1,2,3,6,8,5
ENSG00000100207.18,TCF20,205,263,213,463,289,357
ENSG00000182057.4,OGFRP1,0,3,1,13,6,5
ENSG00000233903.2,ENSG00000233903,1,2,0,8,4,5
ENSG00000273366.1,ENSG00000273366,1,2,1,7,1,4
ENSG00000229891.1,LINC01315,1,3,5,2,4,1
ENSG00000235568.6,NFAM1,5,5,11,9,9,11
ENSG00000230107.1,ENSG00000230107,0,0,0,1,1,2
ENSG00000172250.14,SERHL,7,22,9,10,11,7
ENSG00000189306.10,RRP7A,69,104,77,187,93,129
ENSG00000265106.1,ENSG00000265106,0,0,0,0,0,0
ENSG00000183569.17,SERHL2,5,13,12,19,16,19
ENSG00000182841.12,RRP7BP,38,42,35,66,54,65
ENSG00000202058.1,RN7SKP80,284,319,228,250,413,377
ENSG00000251913.1,RNU6-513P,0,0,0,0,0,0
ENSG00000100227.17,POLDIP3,149,167,155,291,184,230
ENSG00000276027.1,RNU12,0,0,0,0,0,0
ENSG00000270022.3,ENSG00000270022,1,0,0,4,2,3
ENSG00000100243.20,CYB5R3,146,193,151,437,296,358
ENSG00000249222.1,ATP5MGL,0,3,0,2,0,0
ENSG00000128274.15,A4GALT,8,6,2,38,23,26
ENSG00000200448.1,Y_RNA,0,0,0,0,0,0
ENSG00000234009.1,RPL5P34,0,0,0,0,0,1
ENSG00000229608.1,GOLGA2P4,0,0,0,0,0,0
ENSG00000274717.1,ADAMTS7P5,0,0,1,1,2,1
ENSG00000242247.10,ARFGAP3,72,85,59,231,179,170
ENSG00000100266.17,PACSIN2,125,150,126,289,200,260
ENSG00000226989.1,COA1P1,0,1,0,0,0,0
ENSG00000230319.1,TTLL1-AS1,5,3,1,0,2,0
ENSG00000100271.16,TTLL1,18,35,29,13,15,22
ENSG00000234735.1,RPS25P10,0,1,0,0,0,0
ENSG00000100290.2,BIK,1,3,5,5,5,5
ENSG00000100294.12,MCAT,19,28,28,45,29,37
ENSG00000100300.17,TSPO,15,11,13,151,100,129
ENSG00000100304.12,TTLL12,68,101,70,328,240,273
ENSG00000159307.18,SCUBE1,1,7,3,10,14,7
ENSG00000236272.1,SCUBE1-AS2,0,0,0,0,0,0
ENSG00000234892.1,ENSG00000234892,0,0,0,0,0,0
ENSG00000203527.2,SCUBE1-AS1,0,0,0,1,0,0
ENSG00000236117.1,LINC01639,1,0,0,1,2,0
ENSG00000186732.13,MPPED1,135,165,148,1,3,3
ENSG00000223843.4,EFCAB6-AS1,2,3,0,0,2,0
ENSG00000186976.14,EFCAB6,49,54,44,6,4,2
ENSG00000233157.1,ENSG00000233157,1,0,1,0,0,1
ENSG00000180150.5,HMGN2P9,0,0,0,0,0,0
ENSG00000261251.1,EFCAB6-DT,3,3,6,1,4,5
ENSG00000130540.13,SULT4A1,327,384,317,6,7,4
ENSG00000100341.11,PNPLA5,3,2,3,0,3,0
ENSG00000266837.1,ENSG00000266837,0,0,0,0,0,0
ENSG00000100344.10,PNPLA3,9,5,4,43,38,41
ENSG00000100347.14,SAMM50,50,51,63,171,150,139
ENSG00000224856.2,RPL35AP36,0,1,0,0,0,2
ENSG00000188677.14,PARVB,79,103,77,200,161,166
ENSG00000279175.1,ENSG00000279175,4,6,4,9,11,10
ENSG00000280434.1,ENSG00000280434,3,7,5,18,14,7
ENSG00000138964.16,PARVG,8,14,9,18,23,9
ENSG00000279933.1,ENSG00000279933,0,0,1,2,0,0
ENSG00000280011.1,ENSG00000280011,0,3,0,3,7,3
ENSG00000138944.7,SHISAL1,149,207,182,167,113,136
ENSG00000220702.1,ENSG00000220702,0,0,0,0,0,0
ENSG00000236079.1,SKP1P4,0,0,0,0,0,0
ENSG00000232655.1,LINC01656,0,0,0,0,0,0
ENSG00000228807.1,MRPS18CP6,0,0,0,0,0,0
ENSG00000279642.1,ENSG00000279642,0,0,0,0,0,0
ENSG00000188636.3,RTL6,174,260,175,237,149,180
ENSG00000215333.3,KRT18P23,0,0,0,0,1,0
ENSG00000187012.10,LINC00207,0,0,0,0,3,0
ENSG00000234300.1,LINC00229,0,0,0,0,0,0
ENSG00000231801.2,ANP32BP2,0,0,0,0,0,0
ENSG00000186654.20,PRR5,10,6,6,26,21,16
ENSG00000248405.9,PRR5-ARHGAP8,0,1,0,1,1,0
ENSG00000241484.9,ARHGAP8,2,1,2,6,6,3
ENSG00000056487.15,PHF21B,16,12,7,16,17,11
ENSG00000223730.1,RPL6P28,1,1,0,1,1,0
ENSG00000230922.1,ENSG00000230922,1,5,0,4,4,2
ENSG00000226328.6,NUP50-DT,27,24,32,33,29,27
ENSG00000273243.1,ENSG00000273243,1,3,0,5,1,4
ENSG00000093000.18,NUP50,138,179,159,433,309,337
ENSG00000273353.1,ENSG00000273353,0,0,0,0,1,0
ENSG00000100364.18,KIAA0930,353,416,352,292,186,217
ENSG00000221598.2,MIR1249,1,0,2,0,0,1
ENSG00000273287.2,ENSG00000273287,1,3,1,0,0,0
ENSG00000213752.3,ENSG00000213752,0,0,0,0,0,0
ENSG00000100373.9,UPK3A,0,0,0,3,1,2
ENSG00000100376.11,FAM118A,54,57,53,120,69,100
ENSG00000077935.16,SMC1B,3,0,1,8,12,9
ENSG00000128408.8,RIBC2,0,4,1,16,12,4
ENSG00000232363.1,ENSG00000232363,0,0,0,0,1,0
ENSG00000077942.17,FBLN1,59,63,40,150,114,143
ENSG00000238120.1,LINC01589,0,0,0,3,1,0
ENSG00000251985.1,RNU6-1161P,0,0,0,0,0,0
ENSG00000280383.1,ENSG00000280383,16,22,15,31,17,29
ENSG00000130638.15,ATXN10,253,323,317,245,195,221
ENSG00000264160.1,MIR4762,1,0,0,0,0,1
ENSG00000235347.1,TRNT1P2,0,3,2,5,0,0
ENSG00000279954.1,ENSG00000279954,0,4,2,0,2,0
ENSG00000235091.1,ENSG00000235091,0,0,0,0,0,0
ENSG00000188064.9,WNT7B,7,11,6,9,9,17
ENSG00000265610.1,ENSG00000265610,0,0,0,0,0,0
ENSG00000280424.1,ENSG00000280424,3,2,2,4,5,3
ENSG00000273145.1,ENSG00000273145,0,0,1,1,6,5
ENSG00000231711.2,LINC00899,7,14,9,7,6,8
ENSG00000182257.6,PRR34,6,12,15,7,2,3
ENSG00000273289.1,ENSG00000273289,4,8,3,0,0,0
ENSG00000241990.5,ENSG00000241990,5,12,6,21,7,13
ENSG00000197182.12,MIRLET7BHG,76,123,83,57,51,50
ENSG00000231010.1,ENSG00000231010,10,12,9,2,1,5
ENSG00000235159.1,LINC02939,16,14,11,5,6,8
ENSG00000266533.1,MIR3619,0,2,1,4,1,1
ENSG00000198986.2,ENSG00000198986,0,0,0,0,0,0
ENSG00000264147.1,ENSG00000264147,0,0,0,0,0,0
ENSG00000207875.1,ENSG00000207875,0,0,0,0,0,0
ENSG00000186951.16,PPARA,75,108,88,198,151,143
ENSG00000280384.1,ENSG00000280384,0,1,1,3,4,4
ENSG00000205643.10,CDPF1,16,13,11,30,11,19
ENSG00000130943.6,PKDREJ,6,6,7,8,12,8
ENSG00000075234.16,TTC38,33,32,22,107,84,93
ENSG00000277232.2,GTSE1-DT,2,2,3,1,2,3
ENSG00000075218.18,GTSE1,2,2,1,164,120,136
ENSG00000100416.12,TRMU,67,86,76,212,125,154
ENSG00000075275.16,CELSR1,0,6,4,271,148,211
ENSG00000230634.1,FAM136EP,0,0,0,0,0,0
ENSG00000234869.1,LINC02925,0,0,0,0,9,1
ENSG00000075240.16,GRAMD4,108,125,88,186,120,153
ENSG00000100422.13,CERK,235,279,310,333,211,277
ENSG00000260708.1,TBC1D22A-DT,2,6,12,14,13,15
ENSG00000054611.13,TBC1D22A,48,63,49,97,63,86
ENSG00000280080.1,TBC1D22A-AS1,1,1,2,1,4,2
ENSG00000278881.1,ENSG00000278881,1,4,3,2,1,3
ENSG00000280312.1,ENSG00000280312,1,1,0,1,3,0
ENSG00000224715.1,ENSG00000224715,0,1,0,0,2,0
ENSG00000218357.3,LINC01644,0,0,0,0,1,0
ENSG00000205634.6,LINC00898,5,5,1,5,3,1
ENSG00000224271.5,EPIC1,8,9,7,30,32,21
ENSG00000232897.2,ENSG00000232897,1,0,1,0,2,1
ENSG00000230345.1,ENSG00000230345,1,0,0,2,3,0
ENSG00000279712.1,ENSG00000279712,4,3,3,7,12,14
ENSG00000235154.1,ENSG00000235154,0,0,0,0,0,0
ENSG00000278890.1,ENSG00000278890,0,0,0,0,2,0
ENSG00000238192.1,ENSG00000238192,0,0,0,0,1,0
ENSG00000229275.1,ENSG00000229275,0,0,0,0,0,0
ENSG00000266508.1,MIR3201,0,0,0,0,0,0
ENSG00000233179.1,ENSG00000233179,0,0,0,0,0,0
ENSG00000219438.8,TAFA5,151,178,158,19,19,14
ENSG00000281732.1,ENSG00000281732,16,15,16,0,1,1
ENSG00000266887.1,MIR4535,0,0,0,0,1,0
ENSG00000251912.1,ENSG00000251912,0,0,0,0,0,1
ENSG00000205632.2,LINC01310,5,7,5,0,9,1
ENSG00000226142.2,RPL35P8,0,0,0,0,1,0
ENSG00000280199.1,ENSG00000280199,0,0,0,0,3,0
ENSG00000188511.12,MIR3667HG,2,4,2,33,24,22
ENSG00000280224.1,ENSG00000280224,0,0,0,0,2,3
ENSG00000279597.1,ENSG00000279597,0,0,0,0,1,5
ENSG00000264139.1,MIR3667,0,0,0,0,0,0
ENSG00000212939.2,ENSG00000212939,0,0,1,13,19,17
ENSG00000213279.2,ENSG00000213279,0,0,0,7,1,5
ENSG00000235111.1,ENSG00000235111,1,0,1,17,13,8
ENSG00000226954.1,ENSG00000226954,0,0,0,0,3,0
ENSG00000223142.1,RN7SKP252,0,0,0,0,0,0
ENSG00000214727.2,RPL5P35,0,0,0,0,1,0
ENSG00000100425.18,BRD1,98,131,115,203,135,174
ENSG00000279345.1,ENSG00000279345,3,2,8,5,8,3
ENSG00000236867.1,ENSG00000236867,2,3,1,3,2,3
ENSG00000260613.1,ENSG00000260613,1,3,1,0,2,0
ENSG00000229409.1,ENSG00000229409,0,1,0,0,0,1
ENSG00000277771.1,Metazoa_SRP,0,0,0,0,0,0
ENSG00000279494.1,ENSG00000279494,1,0,0,2,0,0
ENSG00000100426.6,ZBED4,52,67,77,196,153,156
ENSG00000280567.1,ENSG00000280567,0,0,0,0,0,0
ENSG00000182858.13,ALG12,25,35,45,64,31,42
ENSG00000273192.1,ENSG00000273192,0,0,0,1,0,0
ENSG00000184164.14,CRELD2,39,48,56,90,79,73
ENSG00000278869.1,ENSG00000278869,0,0,0,1,4,2
ENSG00000198355.4,PIM3,51,66,61,162,105,126
ENSG00000276753.1,MIR6821,0,0,0,0,0,0
ENSG00000188263.10,IL17REL,0,1,2,0,5,2
ENSG00000138892.11,TTLL8,0,0,0,0,0,1
ENSG00000100427.15,MLC1,332,352,339,14,12,12
ENSG00000073146.15,MOV10L1,9,10,8,0,8,0
ENSG00000280395.1,ENSG00000280395,1,0,0,0,1,0
ENSG00000073150.13,PANX2,60,72,78,9,7,7
ENSG00000170638.9,TRABD,33,42,33,120,83,101
ENSG00000273188.1,ENSG00000273188,2,7,3,4,5,3
ENSG00000273253.2,TRABD-AS1,9,13,5,2,0,2
ENSG00000073169.13,SELENOO,57,85,35,89,44,79
ENSG00000272836.1,ENSG00000272836,6,2,0,4,1,2
ENSG00000273137.1,SELENOO-AS1,2,2,2,3,2,2
ENSG00000128159.11,TUBGCP6,291,321,267,315,197,225
ENSG00000100429.17,HDAC10,3,9,10,6,9,5
ENSG00000188130.13,MAPK12,67,66,68,131,76,131
ENSG00000185386.14,MAPK11,71,101,87,25,27,32
ENSG00000196576.14,PLXNB2,278,343,300,554,332,452
ENSG00000205593.11,DENND6B,78,129,84,48,21,27
ENSG00000227484.1,ENSG00000227484,0,1,0,0,0,0
ENSG00000279182.1,ENSG00000279182,0,0,0,0,0,0
ENSG00000100239.15,PPP6R2,206,302,323,259,180,222
ENSG00000242463.3,ENSG00000242463,0,0,1,0,0,1
ENSG00000238604.1,ENSG00000238604,0,0,1,0,0,0
ENSG00000100241.20,SBF1,836,1064,862,645,402,508
ENSG00000128165.8,ADM2,0,2,1,27,21,32
ENSG00000100253.12,MIOX,0,0,0,1,2,1
ENSG00000100258.17,LMF2,73,84,85,199,127,197
ENSG00000025770.18,NCAPH2,119,128,113,298,175,239
ENSG00000130489.12,ENSG00000130489,7,20,11,20,14,22
ENSG00000272821.1,ENSG00000272821,8,12,8,6,1,9
ENSG00000025708.12,TYMP,26,27,36,62,28,36
ENSG00000177989.13,CIMAP1B,9,12,6,12,12,12
ENSG00000272666.1,KLHDC7B-DT,0,1,0,0,1,0
ENSG00000273272.1,ENSG00000273272,0,0,0,0,0,0
ENSG00000226738.1,ENSG00000226738,0,0,0,5,1,0
ENSG00000130487.5,KLHDC7B,0,0,1,3,8,1
ENSG00000217442.3,SYCE3,0,0,1,0,0,0
ENSG00000205560.12,CPT1B,3,4,3,5,8,4
ENSG00000254413.8,CHKB-CPT1B,1,4,4,7,4,6
ENSG00000100288.19,CHKB,3,7,2,9,5,2
ENSG00000205559.3,CHKB-DT,5,1,3,0,1,1
ENSG00000272940.1,ENSG00000272940,0,1,4,1,2,1
ENSG00000008735.13,MAPK8IP2,478,618,556,16,20,11
ENSG00000100299.17,ARSA,55,64,72,73,55,59
ENSG00000212569.1,Y_RNA,0,0,0,0,0,0
ENSG00000251322.7,SHANK3,394,509,402,45,29,37
ENSG00000206841.1,RNU6-409P,0,0,0,0,0,0
ENSG00000225929.1,ENSG00000225929,0,2,1,0,1,0
ENSG00000100312.10,ACR,0,0,0,0,2,0
ENSG00000254499.1,ENSG00000254499,0,0,0,0,0,0
ENSG00000213683.4,SNRPA1P2,0,0,0,0,0,0
ENSG00000184319.15,RPL23AP82,51,64,62,34,24,37
ENSG00000079974.17,RABL2B,75,71,60,71,56,52
